﻿BH_Title_1010001,Hand over Food,ส่งมอบอาหาร
BH_Title_1010002,Hand over Fruit,ส่งมอบผลไม้
BH_Title_1010003,Hand over Meat,ส่งมอบเนื้อ
BH_Title_1010004,Hand over Wine,ส่งมอบสุรา
BH_Title_1010005,Hand over Food,ส่งมอบอาหาร
BH_Title_1010006,Hand over Fruit,ส่งมอบผลไม้
BH_Title_1010007,Hand over Meat,ส่งมอบเนื้อ
BH_Title_1010008,Hand over Wine,ส่งมอบสุรา
BH_Title_1010009,Hand over Weapon,ส่งมอบอาวุธ
BH_Title_1010010,Hand over Armor,ส่งมอบชุดเกราะ
BH_Title_1010011,Kill the wild boar,กำจัดหมูป่า
BH_Title_1010012,Kill the snake,กำจัดงู
BH_Title_1010013,Kill the wild boar,กำจัดหมูป่า
BH_Title_1010014,Kill the snake,กำจัดงู
BH_Title_1010015,Kill the wild boar,กำจัดหมูป่า
BH_Title_30000001,Collect Food,รวบรวมอาหาร
BH_Title_30000002,Collect Fruit,รวบรวมผลไม้
BH_Title_30000003,Collect Meat,รวบรวมเนื้อ
BH_Title_30000004,Collect Wine,รวบรวมสุรา
BH_Title_30000005,Collect Medicine,รวบรวมยา
BH_Title_30000006,Collect Side,รวบรวมเครื่องเคียง
BH_Title_30000007,Collect Aquatic,รวบรวมสัตว์น้ำ
BH_Title_30000008,Collect Wood,รวบรวมไม้
BH_Title_30000009,Collect Ore,รวบรวมแร่
BH_Title_30000010,Collect Weapon,รวบรวมอาวุธ
BH_Title_30000011,Collect Armor,รวบรวมชุดเกราะ
BH_Title_30000012,Collect Herb,รวบรวมสมุนไพร
BH_Title_30000013,Collect Food,รวบรวมอาหาร
BH_Title_30000014,Collect Fruit,รวบรวมผลไม้
BH_Title_30000015,Collect Meat,รวบรวมเนื้อ
BH_Title_30000016,Collect Wine,รวบรวมสุรา
BH_Title_30000017,Collect Medicine,รวบรวมยา
BH_Title_30000018,Collect Side,รวบรวมเครื่องเคียง
BH_Title_30000019,Collect Aquatic,รวบรวมสัตว์น้ำ
BH_Title_30000020,Collect Wood,รวบรวมไม้
BH_Title_30000021,Collect Ore,รวบรวมแร่
BH_Title_30000022,Collect Weapon,รวบรวมอาวุธ
BH_Title_30000023,Collect Armor,รวบรวมชุดเกราะ
BH_Title_30000024,Collect Herb,รวบรวมสมุนไพร
BH_Title_30000025,Collect Food,รวบรวมอาหาร
BH_Title_30000026,Collect Fruit,รวบรวมผลไม้
BH_Title_30000027,Collect Wine,รวบรวมสุรา
BH_Title_30000028,Collect Medicine,รวบรวมยา
BH_Title_30000029,Collect Side,รวบรวมเครื่องเคียง
BH_Title_30000030,Collect Aquatic,รวบรวมสัตว์น้ำ
BH_Title_30000031,Collect Wood,รวบรวมไม้
BH_Title_30000032,Collect Ore,รวบรวมแร่
BH_Title_30000033,Collect Weapon,รวบรวมอาวุธ
BH_Title_30000034,Collect Armor,รวบรวมชุดเกราะ
BH_Title_30000035,Collect Herb,รวบรวมสมุนไพร
BH_Title_30000036,Collect Food,รวบรวมอาหาร
BH_Title_30000037,Collect Fruit,รวบรวมผลไม้
BH_Title_30000038,Collect Wine,รวบรวมสุรา
BH_Title_30000039,Collect Medicine,รวบรวมยา
BH_Title_30000040,Collect Side,รวบรวมเครื่องเคียง
BH_Title_30000041,Collect Wood,รวบรวมไม้
BH_Title_30000042,Collect Ore,รวบรวมแร่
BH_Title_30000043,Collect Weapon,รวบรวมอาวุธ
BH_Title_30000044,Collect Armor,รวบรวมชุดเกราะ
BH_Title_30000045,Kill the wild wolf,กำจัดหมาป่า
BH_Title_30000046,Kill the wild wolf,กำจัดหมาป่า
BH_Title_30000047,Wolf King Xiao Yue,ราชาหมาป่าเสี่ยวเยว่
BH_Title_3200001,Collect Weapon,รวบรวมอาวุธ
BH_Title_3200002,Collect Armor,รวบรวมชุดเกราะ
BH_Title_3200003,Collect Fruit,รวบรวมผลไม้
BH_Title_3200004,Collect Medicine,รวบรวมยา
BH_Title_3200005,Collect Herb,รวบรวมสมุนไพร
BH_Title_3200006,Collect Bug,รวบรวมแมลง
BH_Title_3200007,Collect Ornament,รวบรวมของประดับ
BH_Title_3200008,Collect Weapon,รวบรวมอาวุธ
BH_Title_3200009,Collect Armor,รวบรวมชุดเกราะ
BH_Title_3200010,Collect Fruit,รวบรวมผลไม้
BH_Title_3200011,Collect Medicine,รวบรวมยา
BH_Title_3200012,Collect Herb,รวบรวมยา
BH_Title_3200013,Collect Bug,รวบรวมแมลง
BH_Title_3200014,Collect Ornament,รวบรวมของประดับ
BH_Title_3200015,Collect Fruit,รวบรวมผลไม้
BH_Title_3200016,Collect Medicine,รวบรวมยา
BH_Title_3200017,Collect Herb,รวบรวมสมุนไพร
BH_Title_3200018,Collect Bug,รวบรวมแมลง
BH_Title_3200019,Collect Ornament,รวบรวมของประดับ
BH_Title_3200020,Kill the wild wolf,กำจัดหมาป่า
BH_Title_3200021,Kill the wild wolf,กำจัดหมาป่า
BH_Title_3200022,Wolf King Xiao Yue,ราชาหมาป่าเสี่ยวเยว่
BH_Title_5800001,Collect Weapon,รวบรวมอาวุธ
BH_Title_5800002,Collect Armor,รวบรวมชุดเกราะ
BH_Title_5800003,Collect Throwing,รวบรวมอาวุธลับ
BH_Title_5800004,Collect Food,รวบรวมอาหาร
BH_Title_5800005,Collect Side,รวบรวมเครื่องเคียง
BH_Title_5800006,Collect Medicine,รวบรวมยา
BH_Title_5800007,Collect Herb,รวบรวมสมุนไพร
BH_Title_5800008,Collect Bug,รวบรวมแมลง
BH_Title_5800009,Collect Toxic,รวบรวมพิษ
BH_Title_5800010,Collect Weapon,รวบรวมอาวุธ
BH_Title_5800011,Collect Armor,รวบรวมชุดเกราะ
BH_Title_5800012,Collect Throwing,รวบรวมอาวูลับ
BH_Title_5800013,Collect Food,รวบรวมอาหาร
BH_Title_5800014,Collect Side,รวบรวมเครื่องเคียง
BH_Title_5800015,Collect Medicine,รวบรวมยา
BH_Title_5800016,Collect Herb,รวบรวมสมุนไพร
BH_Title_5800017,Collect Bug,รวบรวมแมลง
BH_Title_5800018,Collect Toxic,รวบรวมพิษ
BH_Title_5800019,Collect Weapon,รวบรวมอาวุธ
BH_Title_5800020,Collect Armor,รวบรวมชุดเกราะ
BH_Title_5800021,Collect Throwing,รวบรวมอาวูลับ
BH_Title_5800022,Collect Food,รวบรวมอาหาร
BH_Title_5800023,Collect Side,รวบรวมเครื่องเคียง
BH_Title_5800024,Collect Medicine,รวบรวมยา
BH_Title_5800025,Collect Herb,รวบรวมสมุนไพร
BH_Title_5800026,Collect Bug,รวบรวมแมลง
BH_Title_5800027,Collect Toxic,รวบรวมพิษ
BH_Title_5800028,Collect Weapon,รวบรวมอาวุธ
BH_Title_5800029,Collect Armor,รวบรวมชุดเกราะ
BH_Title_5800030,Collect Throwing,รวบรวมอาวูลับ
BH_Title_5800031,Collect Food,รวบรวมอาหาร
BH_Title_5800032,Collect Side,รวบรวมเครื่องเคียง
BH_Title_5800033,Collect Medicine,รวบรวมยา
BH_Title_5800034,Collect Herb,รวบรวมสมุนไพร
BH_Title_5800035,Collect Bug,รวบรวมแมลง
BH_Title_5800036,Collect Toxic,รวบรวมพิษ
BH_Title_5800037,Provoke Crime Investigation Bureau,ยั่วโมโหมือปราบ
BH_Title_5800038,Provoke Crime Investigation Bureau,ยั่วยุสำนักสืบสวน
BH_Title_5800039,Kill Luo Qianxue,สังหารลั่วฉียนเสวี่ย
BH_Title_5800040,Kill Qiu Zhimo,สังหาร Qiu Zhimo
BH_Title_5800041,Kill Luo Tianxiong,สังหารลั่วเทียนเซี่ยง
BH_Title_6500001,Collect Weapon,รวบรวมอาวุธ
BH_Title_6500002,Collect Armor,รวบรวมชุดเกราะ
BH_Title_6500003,Collect Fruit,รวบรวมผลไม้
BH_Title_6500004,Collect Medicine,รวบรวมยา
BH_Title_6500005,Collect - Wine,รวบรวม - สุรา
BH_Title_6500006,Collect Weapon,รวบรวมอาวุธ
BH_Title_6500007,Collect Armor,รวบรวมอาวุธ
BH_Title_6500008,Collect Fruit,รวบรวมผลไม้
BH_Title_6500009,Collect Medicine,รวบรวมยา
BH_Title_6500010,Collect - Wine,รวบรวม - สุรา
BH_Title_6500011,Sanction Nest of Swallow
BH_Title_6500012,Sanction Nest of Swallow
BH_Title_6500013,Sanction Bu Juechen
BH_Title_6500014,Sanction Hua Qingqing
BH_Title_6500015,Sanction Tomb Raider Sect,การลงโทษสำนักปล้นสุสาน
BH_Title_6500016,Sanction Tomb Raider Sect,การลงโทษสำนักปล้นสุสาน
BH_Title_6500017,Sanction Ming Bufan
BH_Title_6500018,Catch the thief,จับขโมย
BH_Title_6500019,Catch the notorious thief,จับกุมมหาโจร
BH_Title_6500020,Catch the flower thief,จับกุมลูกสมุนโจร
BH_Title_6500021,Catch the old woman,จับหญิงชรา
BH_Title_6500022,Catch the grasshopper,จับตั๊กแตน
BH_Title_6500023,Catch the monk who broke the precepts,จับกุมหลวงจีนทุศีล
BH_Title_6500024,Catch the one-eyed dragon,จับกุมมังกรตาเดียว
BH_Title_6500025,Catch the Kunlun slave,จับกุมทาสคุนหลุน
BH_Title_6500026,Catch the cultist,จับกุมผู้นับถือลัทธิ
BH_Title_40000001,Collect Weapon,รวบรวมอาวุธ
BH_Title_40000002,Collect Armor,รวบรวมชุดเกราะ
BH_Title_40000003,Collect Food,รวบรวมอาหาร
BH_Title_40000004,Collect Side,รวบรวมเครื่องเคียง
BH_Title_40000005,Collect Fruit,รวบรวมผลไม้
BH_Title_40000006,Collect Medicine,รวบรวมยา
BH_Title_40000007,Collect Aquatic,รวบรวมสัตว์น้ำ
BH_Title_40000008,Collect Ore,รวบรวมแร่
BH_Title_40000009,Collect - Wine,รวบรวม - สุรา
BH_Title_40000010,Collect Wood,รวบรวมไม้
BH_Title_40000011,Collect Herb,รวบรวมสมุนไพร
BH_Title_40000012,Collect Bug,รวบรวมแมลง
BH_Title_40000013,Collect Toxic,รวบรวมพิษ
BH_Title_40000014,Collect Toy,รวบรวมของเล่น
BH_Title_40000015,Collect Ornament,รวบรวมของประดับ
BH_Title_40000016,Collect Weapon,รวบรวมอาวุธ
BH_Title_40000017,Collect Armor,รวบรวมชุดเกราะ
BH_Title_40000018,Collect Food,รวบรวมอาหาร
BH_Title_40000019,Collect Side,รวบรวมเครื่องเคียง
BH_Title_40000020,Collect Fruit,รวบรวมผลไม้
BH_Title_40000021,Collect Medicine,รวบรวมยา
BH_Title_40000022,Collect Aquatic,รวบรวมสัตว์น้ำ
BH_Title_40000023,Collect Ore,รวบรวมแร่
BH_Title_40000024,Collect - Wine,รวบรวม - สุรา
BH_Title_40000025,Collect Wood,รวบรวมไม้
BH_Title_40000026,Collect Herb,รวบรวมสมุนไพร
BH_Title_40000027,Collect Bug,รวบรวมแมลง
BH_Title_40000028,Collect Toxic,รวบรวมพิษ
BH_Title_40000029,Collect Toy,รวบรวมของเล่น
BH_Title_40000030,Collect Ornament,รวบรวมของประดับ
BH_Title_40000031,Collect Weapon,รวบรวมอาวุธ
BH_Title_40000032,Collect Armor,รวบรวมชุดเกราะ
BH_Title_40000033,Collect Food,รวบรวมอาหาร
BH_Title_40000034,Collect Side,รวบรวมเครื่องเคียง
BH_Title_40000035,Collect Fruit,รวบรวมผลไม้
BH_Title_40000036,Collect Medicine,รวบรวมยา
BH_Title_40000037,Collect Aquatic,รวบรวมสัตว์น้ำ
BH_Title_40000038,Collect Ore,รวบรวมแร่
BH_Title_40000039,Collect - Wine,รวบรวม - สุรา
BH_Title_40000040,Collect Wood,รวบรวมไม้
BH_Title_40000041,Collect Herb,รวบรวมสมุนไพร
BH_Title_40000042,Collect Bug,รวบรวมแมลง
BH_Title_40000043,Collect Toxic,รวบรวมพิษ
BH_Title_40000044,Collect Toy,รวบรวมของเล่น
BH_Title_40000045,Collect Ornament,รวบรวมของประดับ
BH_Title_40000046,Collect Weapon,รวบรวมอาวุธ
BH_Title_40000047,Collect Armor,รวบรวมชุดเกราะ
BH_Title_40000048,Collect Food,รวบรวมอาหาร
BH_Title_40000049,Collect Side,รวบรวมเครื่องเคียง
BH_Title_40000050,Collect Fruit,รวบรวมผลไม้
BH_Title_40000051,Collect Medicine,รวบรวมยา
BH_Title_40000052,Collect Aquatic,รวบรวมสัตว์น้ำ
BH_Title_40000053,Collect Ore,รวบรวมแร่
BH_Title_40000054,Collect - Wine,รวบรวม - สุรา
BH_Title_40000055,Collect Wood,รวบรวมไม้
BH_Title_40000056,Collect Herb,รวบรวมสมุนไพร
BH_Title_40000057,Collect Bug,รวบรวมแมลง
BH_Title_40000058,Collect Toxic,รวบรวมพิษ
BH_Title_40000059,Collect Toy,รวบรวมของเล่น
BH_Title_40000060,Collect Ornament,รวบรวมของประดับ
BH_Title_20000001,Collect Weapon,รวบรวมอาวุธ
BH_Title_20000002,Collect Armor,รวบรวมชุดเกราะ
BH_Title_20000003,Collect Food,รวบรวมอาหาร
BH_Title_20000004,Collect Side,รวบรวมเครื่องเคียง
BH_Title_20000005,Collect Fruit,รวบรวมผลไม้
BH_Title_20000006,Collect Medicine,รวบรวมยา
BH_Title_20000007,Collect Aquatic,รวบรวมสัตว์น้ำ
BH_Title_20000008,Collect Ore,รวบรวมแร่
BH_Title_20000009,Collect - Wine,รวบรวม - สุรา
BH_Title_20000010,Collect Wood,รวบรวมไม้
BH_Title_20000011,Collect Herb,รวบรวมสมุนไพร
BH_Title_20000012,Collect Bug,รวบรวมแมลง
BH_Title_20000013,Collect Toxic,รวบรวมพิษ
BH_Title_20000014,Collect Toy,รวบรวมของเล่น
BH_Title_20000015,Collect Ornament,รวบรวมของประดับ
BH_Title_20000016,Collect Weapon,รวบรวมอาวุธ
BH_Title_20000017,Collect Armor,รวบรวมชุดเกราะ
BH_Title_20000018,Collect Food,รวบรวมอาหาร
BH_Title_20000019,Collect Side,รวบรวมเครื่องเคียง
BH_Title_20000020,Collect Fruit,รวบรวมผลไม้
BH_Title_20000021,Collect Medicine,รวบรวมยา
BH_Title_20000022,Collect Aquatic,รวบรวมสัตว์น้ำ
BH_Title_20000023,Collect Ore,รวบรวมแร่
BH_Title_20000024,Collect - Wine,รวบรวม - สุรา
BH_Title_20000025,Collect Wood,รวบรวมไม้
BH_Title_20000026,Collect Herb,รวบรวมสมุนไพร
BH_Title_20000027,Collect Bug,รวบรวมแมลง
BH_Title_20000028,Collect Toxic,รวบรวมพิษ
BH_Title_20000029,Collect Toy,รวบรวมของเล่น
BH_Title_20000030,Collect Ornament,รวบรวมของประดับ
BH_Title_20000031,Collect Weapon,รวบรวมอาวุธ
BH_Title_20000032,Collect Armor,รวบรวมชุดเกราะ
BH_Title_20000033,Collect Food,รวบรวมอาหาร
BH_Title_20000034,Collect Side,รวบรวมเครื่องเคียง
BH_Title_20000035,Collect Fruit,รวบรวมผลไม้
BH_Title_20000036,Collect Medicine,รวบรวมยา
BH_Title_20000037,Collect Aquatic,รวบรวมสัตว์น้ำ
BH_Title_20000038,Collect Ore,รวบรวมแร่
BH_Title_20000039,Collect - Wine,รวบรวม - สุรา
BH_Title_20000040,Collect Wood,รวบรวมไม้
BH_Title_20000041,Collect Herb,รวบรวมสมุนไพร
BH_Title_20000042,Collect Bug,รวบรวมแมลง
BH_Title_20000043,Collect Toxic,รวบรวมพิษ
BH_Title_20000044,Collect Toy,รวบรวมของเล่น
BH_Title_20000045,Collect Ornament,รวบรวมของประดับ
BH_Title_20000046,Collect Weapon,รวบรวมอาวุธ
BH_Title_20000047,Collect Armor,รวบรวมชุดเกราะ
BH_Title_20000048,Collect Food,รวบรวมอาหาร
BH_Title_20000049,Collect Side,รวบรวมเครื่องเคียง
BH_Title_20000050,Collect Fruit,รวบรวมผลไม้
BH_Title_20000051,Collect Medicine,รวบรวมยา
BH_Title_20000052,Collect Aquatic,รวบรวมสัตว์น้ำ
BH_Title_20000053,Collect Ore,รวบรวมแร่
BH_Title_20000054,Collect - Wine,รวบรวม - สุรา
BH_Title_20000055,Collect Wood,รวบรวมไม้
BH_Title_20000056,Collect Herb,รวบรวมสมุนไพร
BH_Title_20000057,Collect Bug,รวบรวมแมลง
BH_Title_20000058,Collect Toxic,รวบรวมพิษ
BH_Title_20000059,Collect Toy,รวบรวมของเล่น
BH_Title_20000060,Collect Ornament,รวบรวมของประดับ
BH_Title_20000061,Sanction Horse King Cave
BH_Title_20000062,Sanction Horse King Cave
BH_Title_20000063,Sanction Horse King
BH_Title_7100001,Collect Weapon,รวบรวมอาวุธ
BH_Title_7100002,Collect Armor,รวบรวมชุดเกราะ
BH_Title_7100003,Collect Fruit,รวบรวมผลไม้
BH_Title_7100004,Collect Medicine,รวบรวมยา
BH_Title_7100005,Collect Aquatic,รวบรวมสัตว์น้ำ
BH_Title_7100006,Collect Ore,รวบรวมแร่
BH_Title_7100007,Collect Wood,รวบรวมไม้
BH_Title_7100008,Collect Herb,รวบรวมสมุนไพร
BH_Title_7100009,Collect Ornament,รวบรวมของประดับ
BH_Title_7100010,Collect Weapon,รวบรวมอาวุธ
BH_Title_7100011,Collect Armor,รวบรวมชุดเกราะ
BH_Title_7100012,Collect Fruit,รวบรวมผลไม้
BH_Title_7100013,Collect Medicine,รวบรวมยา
BH_Title_7100014,Collect Aquatic,รวบรวมสัตว์น้ำ
BH_Title_7100015,Collect Ore,รวบรวมแร่
BH_Title_7100016,Collect Wood,รวบรวมไม้
BH_Title_7100017,Collect Herb,รวบรวมสมุนไพร
BH_Title_7100018,Collect Ornament,รวบรวมของประดับ
BH_Title_7100019,Collect Weapon,รวบรวมอาวุธ
BH_Title_7100020,Collect Armor,รวบรวมชุดเกราะ
BH_Title_7100021,Collect Fruit,รวบรวมผลไม้
BH_Title_7100022,Collect Medicine,รวบรวมยา
BH_Title_7100023,Collect Aquatic,รวบรวมสัตว์น้ำ
BH_Title_7100024,Collect Ore,รวบรวมแร่
BH_Title_7100025,Collect Wood,รวบรวมไม้
BH_Title_7100026,Collect Herb,รวบรวมสมุนไพร
BH_Title_7100027,Collect Ornament,รวบรวมของประดับ
BH_Title_7100028,Collect Weapon,รวบรวมอาวุธ
BH_Title_7100029,Collect Armor,รวบรวมชุดเกราะ
BH_Title_7100030,Collect Fruit,รวบรวมผลไม้
BH_Title_7100031,Collect Medicine,รวบรวมยา
BH_Title_7100032,Collect Aquatic,รวบรวมสัตว์น้ำ
BH_Title_7100033,Collect Ore,รวบรวมแร่
BH_Title_7100034,Collect Wood,รวบรวมไม้
BH_Title_7100035,Collect Herb,รวบรวมสมุนไพร
BH_Title_7100036,Collect Ornament,รวบรวมของประดับ
BH_Title_7100037,Sanction Horse King Cave
BH_Title_7100038,Sanction Horse King Cave
BH_Title_7100039,Sanction Horse King
BH_Desc_1010001,"The brothers in the stockade are short of Food recently, find some Food for them."
BH_Desc_1010002,"The brothers in the stockade need to replenish some Fruit recently, find some Fruit for them."
BH_Desc_1010003,"The brothers in the stockade have been eating poorly recently, find some Meat for them."
BH_Desc_1010004,"The brothers in the stockade have no wine to drink recently, find some Wine for them.",สหายในคอกม้ายังไม่มีสุราไว้ดื่ม ไปเสาะหาสุราให้พวกเขาหน่อย
BH_Desc_1010005,"The brothers in the stockade are short of Food recently, find some Food for them."
BH_Desc_1010006,"The brothers in the stockade need to replenish some Fruit recently, find some Fruit for them."
BH_Desc_1010007,"The brothers in the stockade have been eating poorly recently, find some Meat for them."
BH_Desc_1010008,"The brothers in the stockade have no wine to drink recently, find some Wine for them.",สหายในคอกม้ายังไม่มีสุราไว้ดื่ม ไปเสาะหาสุราให้พวกเขาหน่อย
BH_Desc_1010009,"The brothers in the stockade don't have handy weapons recently, find some Weapon for them."
BH_Desc_1010010,"The brothers in the stockade have been beaten up recently, find some Armor for them."
BH_Desc_1010011,"The wild boars in the Lost Forest have been very arrogant recently, some of the brothers in the stockade almost lost their lives, go teach them a lesson!"
BH_Desc_1010012,"The snakes in the Lost Forest have been very arrogant recently, some of the brothers in the stockade almost lost their lives, go teach them a lesson!","เมื่อเร็ว ๆ นี้เจ้าพวกงูในป่าสาบสูญมีความจองหองเพิ่มขึ้นมากๆ, พี่น้องบางคนในหมู่บ้านเกือบจะเสียชีวิตไปแล้ว, ไปสั่งสอนบทเรียนให้พวกมันสักหน่อยเถอะ!"
BH_Desc_1010013,"The wild boars in the Lost Forest have been very arrogant recently, some of the brothers in the stockade almost lost their lives, go teach them a lesson!"
BH_Desc_1010014,"The snakes in the Lost Forest have been very arrogant recently, some of the brothers in the stockade almost lost their lives, go teach them a lesson!","เมื่อเร็ว ๆ นี้เจ้าพวกงูในป่าสาบสูญมีความจองหองเพิ่มขึ้นมากๆ, พี่น้องบางคนในหมู่บ้านเกือบจะเสียชีวิตไปแล้ว, ไปสั่งสอนบทเรียนให้พวกมันสักหน่อยเถอะ!"
BH_Desc_1010015,"The wild boars in the Lost Forest have been very arrogant recently, some of the brothers in the stockade almost lost their lives, go teach them a lesson!"
BH_Desc_30000001,"Assist civilians, Chuxiang City is buying Food at a high price."
BH_Desc_30000002,The merchants in the city are buying Fruit at a high price.,พ่อค้าในเมืองกำลังซื้อผลไม้ในราคาที่สูง
BH_Desc_30000003,The merchants in the city are buying Meat at a high price.
BH_Desc_30000004,The merchants in the city are buying - Wine at a high price.
BH_Desc_30000005,The merchants in the city are buying Medicine at a high price.
BH_Desc_30000006,The merchants in the city are buying Side at a high price.
BH_Desc_30000007,The merchants in the city are buying Aquatic at a high price.
BH_Desc_30000008,The merchants in the city are buying Wood at a high price.
BH_Desc_30000009,The merchants in the city are buying Ore at a high price.
BH_Desc_30000010,The merchants in the city are buying Weapon at a high price.
BH_Desc_30000011,The merchants in the city are buying Armor at a high price.
BH_Desc_30000012,The merchants in the city are buying Herb at a high price.
BH_Desc_30000013,Merchants in the city are buying Food at high prices.
BH_Desc_30000014,The merchants in the city are buying Fruit at a high price.,พ่อค้าในเมืองกำลังซื้อผลไม้ในราคาที่สูง
BH_Desc_30000015,The merchants in the city are buying Meat at a high price.
BH_Desc_30000016,The merchants in the city are buying - Wine at a high price.
BH_Desc_30000017,The merchants in the city are buying Medicine at a high price.
BH_Desc_30000018,The merchants in the city are buying Side at a high price.
BH_Desc_30000019,The merchants in the city are buying Aquatic at a high price.
BH_Desc_30000020,The merchants in the city are buying Wood at a high price.
BH_Desc_30000021,The merchants in the city are buying Ore at a high price.
BH_Desc_30000022,The merchants in the city are buying Weapon at a high price.
BH_Desc_30000023,The merchants in the city are buying Armor at a high price.
BH_Desc_30000024,The merchants in the city are buying Herb at a high price.
BH_Desc_30000025,Merchants in the city are buying Food at high prices.
BH_Desc_30000026,The merchants in the city are buying Fruit at a high price.,พ่อค้าในเมืองกำลังซื้อผลไม้ในราคาที่สูง
BH_Desc_30000027,The merchants in the city are buying - Wine at a high price.
BH_Desc_30000028,The merchants in the city are buying Medicine at a high price.
BH_Desc_30000029,The merchants in the city are buying Side at a high price.
BH_Desc_30000030,The merchants in the city are buying Aquatic at a high price.
BH_Desc_30000031,The merchants in the city are buying Wood at a high price.
BH_Desc_30000032,The merchants in the city are buying Ore at a high price.
BH_Desc_30000033,The merchants in the city are buying Weapon at a high price.
BH_Desc_30000034,The merchants in the city are buying Armor at a high price.
BH_Desc_30000035,The merchants in the city are buying Herb at a high price.
BH_Desc_30000036,Merchants in the city are buying Food at high prices.
BH_Desc_30000037,The merchants in the city are buying Fruit at a high price.,พ่อค้าในเมืองกำลังซื้อผลไม้ในราคาที่สูง
BH_Desc_30000038,The merchants in the city are buying - Wine at a high price.
BH_Desc_30000039,The merchants in the city are buying Medicine at a high price.
BH_Desc_30000040,The merchants in the city are buying Side at a high price.
BH_Desc_30000041,The merchants in the city are buying Wood at a high price.
BH_Desc_30000042,The merchants in the city are buying Ore at a high price.
BH_Desc_30000043,The merchants in the city are buying Weapon at a high price.
BH_Desc_30000044,The merchants in the city are buying Armor at a high price.
BH_Desc_30000045,"Wild Wolf Valley is overrun with wolves, offering high rewards for martial artists to kill them!"
BH_Desc_30000046,"Wild Wolf Valley is overrun with wolves, offering high rewards for martial artists to kill them!"
BH_Desc_30000047,"The Wolf King Xiao Yue in Wild Wolf Valley has been unusually restless lately, offering high rewards for martial artists to kill him!"
BH_Desc_3200001,"Our sect is currently lacking Weapon, please sect disciples collect them quickly."
BH_Desc_3200002,"Our sect is currently lacking armor, please sect disciples collect them quickly."
BH_Desc_3200003,"Our sect is currently lacking Fruit, please sect disciples collect them quickly."
BH_Desc_3200004,"Our sect is currently lacking Medicine, please sect disciples collect them quickly."
BH_Desc_3200005,"Our sect is currently lacking Herb, please sect disciples collect them quickly."
BH_Desc_3200006,"Our sect is currently lacking Bug, please sect disciples collect them quickly."
BH_Desc_3200007,"Our sect is currently lacking Ornament, please sect disciples collect them quickly."
BH_Desc_3200008,"Our sect is currently lacking Weapon, please sect disciples collect them quickly."
BH_Desc_3200009,"Our sect is currently lacking armor, please sect disciples collect them quickly."
BH_Desc_3200010,"Our sect is currently lacking Fruit, please sect disciples collect them quickly."
BH_Desc_3200011,"Our sect is currently lacking Medicine, please sect disciples collect them quickly."
BH_Desc_3200012,"Our sect is currently lacking Herb, please sect disciples collect them quickly."
BH_Desc_3200013,"Our sect is currently lacking Bug, please sect disciples collect them quickly."
BH_Desc_3200014,"Our sect is currently lacking Ornament, please sect disciples collect them quickly."
BH_Desc_3200015,"Our sect is currently lacking Fruit, please sect disciples collect them quickly."
BH_Desc_3200016,"Our sect is currently lacking Medicine, please sect disciples collect them quickly."
BH_Desc_3200017,"Our sect is currently lacking Herb, please sect disciples collect them quickly."
BH_Desc_3200018,"Our sect is currently lacking Bug, please sect disciples collect them quickly."
BH_Desc_3200019,"Our sect is currently lacking Ornament, please sect disciples collect them quickly."
BH_Desc_3200020,"Wild Wolf Valley is overrun with wolves, hoping for sect disciples to kill them!"
BH_Desc_3200021,"Wild Wolf Valley is overrun with wolves, hoping for sect disciples to kill them!"
BH_Desc_3200022,"The Wolf King Xiao Yue in Wild Wolf Valley has been unusually restless lately, hoping for sect disciples to kill him!"
BH_Desc_5800001,"Our gang is currently lacking Weapon, please gang members collect them quickly."
BH_Desc_5800002,"Our gang is currently lacking armor, please gang members collect them quickly."
BH_Desc_5800003,"Our gang is currently lacking Throwing, please gang members collect them quickly.",ขณะนี้พรรคของเรายังขาดอาวุธลับ สมาชิกพรรคโปรดเสาะหามาโดยเร็ว
BH_Desc_5800004,"Our gang is currently lacking Food, please gang members collect them quickly."
BH_Desc_5800005,"Our gang is currently lacking Side, please gang members collect them quickly."
BH_Desc_5800006,"Our gang is currently lacking Medicine, please gang members collect them quickly."
BH_Desc_5800007,"Our gang is currently lacking Herb, please gang members collect them quickly."
BH_Desc_5800008,"Our gang is currently lacking Bug, please gang members collect them quickly."
BH_Desc_5800009,"Our gang is currently lacking Toxic, please gang members collect them quickly."
BH_Desc_5800010,"Our gang is currently lacking Weapon, please gang members collect them quickly."
BH_Desc_5800011,"Our gang is currently lacking armor, please gang members collect them quickly."
BH_Desc_5800012,"Our gang is currently lacking Throwing, please gang members collect them quickly.",ขณะนี้พรรคของเรายังขาดอาวุธลับ สมาชิกพรรคโปรดเสาะหามาโดยเร็ว
BH_Desc_5800013,"Our gang is currently lacking Food, please gang members collect them quickly."
BH_Desc_5800014,"Our gang is currently lacking Side, please gang members collect them quickly."
BH_Desc_5800015,"Our gang is currently lacking Medicine, please gang members collect them quickly."
BH_Desc_5800016,"Our gang is currently lacking Herb, please gang members collect them quickly."
BH_Desc_5800017,"Our gang is currently lacking Bug, please gang members collect them quickly."
BH_Desc_5800018,"Our gang is currently lacking Toxic, please gang members collect them quickly."
BH_Desc_5800019,"Our gang is currently lacking Weapon, please gang members collect them quickly."
BH_Desc_5800020,"Our gang is currently lacking armor, please gang members collect them quickly."
BH_Desc_5800021,"Our gang is currently lacking Throwing, please gang members collect them quickly.",ขณะนี้พรรคของเรายังขาดอาวุธลับ สมาชิกพรรคโปรดเสาะหามาโดยเร็ว
BH_Desc_5800022,"Our gang is currently lacking Food, please gang members collect them quickly."
BH_Desc_5800023,"Our gang is currently lacking Side, please gang members collect them quickly."
BH_Desc_5800024,"Our gang is currently lacking Medicine, please gang members collect them quickly."
BH_Desc_5800025,"Our gang is currently lacking Herb, please gang members collect them quickly."
BH_Desc_5800026,"Our gang is currently lacking Bug, please gang members collect them quickly."
BH_Desc_5800027,"Our gang is currently lacking Toxic, please gang members collect them quickly."
BH_Desc_5800028,"Our gang is currently lacking Weapon, please gang members collect them quickly."
BH_Desc_5800029,"Our gang is currently lacking armor, please gang members collect them quickly."
BH_Desc_5800030,"Our gang is currently lacking Throwing, please gang members collect them quickly.",ขณะนี้พรรคของเรายังขาดอาวุธลับ สมาชิกพรรคโปรดเสาะหามาโดยเร็ว
BH_Desc_5800031,"Our gang is currently lacking Food, please gang members collect them quickly."
BH_Desc_5800032,"Our gang is currently lacking Side, please gang members collect them quickly."
BH_Desc_5800033,"Our gang is currently lacking Medicine, please gang members collect them quickly."
BH_Desc_5800034,"Our gang is currently lacking Herb, please gang members collect them quickly."
BH_Desc_5800035,"Our gang is currently lacking Bug, please gang members collect them quickly."
BH_Desc_5800036,"Our gang is currently lacking Toxic, please gang members collect them quickly."
BH_Desc_5800037,"The Crime Investigation Bureau has recently arrested many of our brothers, avenge our brothers!"
BH_Desc_5800038,"The Crime Investigation Bureau has recently arrested many of our brothers, avenge our brothers!"
BH_Desc_5800039,"Luo Qianxue has recently arrested many of our brothers, avenge our brothers!"
BH_Desc_5800040,"Qiu Zhimo has recently arrested many of our brothers, avenge our brothers!"
BH_Desc_5800041,"Luo Tianxiong has recently arrested many of our brothers, avenge our brothers!"
BH_Desc_6500001,"Our school is currently lacking Weapon, please school members collect them quickly."
BH_Desc_6500002,"Our school is currently lacking armor, please school members collect them quickly."
BH_Desc_6500003,"Our school is currently lacking Fruit, please school members collect them quickly."
BH_Desc_6500004,"Our school is currently lacking Medicine, please school members collect them quickly."
BH_Desc_6500005,"Our school is currently lacking - wine, please school members collect them quickly.","โรงเรียนของเรากำลังขาดแคลน""สุรา"" ลูกศิษย์ทั้งหลายโปรดไปเสาะหามาโดยเร็ว"
BH_Desc_6500006,"Our school is currently lacking Weapon, please school members collect them quickly."
BH_Desc_6500007,"Our school is currently lacking armor, please school members collect them quickly."
BH_Desc_6500008,"Our school is currently lacking Fruit, please school members collect them quickly."
BH_Desc_6500009,"Our school is currently lacking Medicine, please school members collect them quickly."
BH_Desc_6500010,"Our school is currently lacking - wine, please school members collect them quickly.","โรงเรียนของเรากำลังขาดแคลน""สุรา"" ลูกศิษย์ทั้งหลายโปรดไปเสาะหามาโดยเร็ว"
BH_Desc_6500011,"Nest of Swallow has been committing crimes frequently recently, those with Skill in the school, go quickly!"
BH_Desc_6500012,"Nest of Swallow has been committing crimes frequently recently, those with Skill in the school, go quickly!"
BH_Desc_6500013,"It is heard that Bu Juechen of Nest of Swallow has been committing crimes frequently recently, those with Skill in the school, go quickly!"
BH_Desc_6500014,"It is heard that Hua Qingqing of Nest of Swallow has been committing crimes frequently recently, those with Skill in the school, go quickly!"
BH_Desc_6500015,"Tomb Raider Sect has been committing crimes frequently recently, those with Skill in the school, go quickly!","สำนักปล้นสุสานก่อคดีปล้นบ่อยๆ ในช่วงนี้, ใครมีทักษะในโรงเรียน รีบไปซะ!"
BH_Desc_6500016,"Tomb Raider Sect has been committing crimes frequently recently, those with Skill in the school, go quickly!","สำนักปล้นสุสานก่อคดีปล้นบ่อยๆ ในช่วงนี้, ใครมีทักษะในโรงเรียน รีบไปซะ!"
BH_Desc_6500017,"It is heard that Ming Bufan of Tomb Raider Sect has been committing crimes frequently recently, those with Skill in the school, go quickly!",ได้ยินมาว่าหมิงปู้ฟานของสำนักปล้นสุสานก่ออาชญากรรมบ่อยครั้งในช่วงนี้ ผู้ที่มีทักษะของโรงเรียน รีบไปซะ!
BH_Desc_6500018,"Recently, many people have spotted a ""thief"" in Daliang City, please school members go and arrest him quickly!"
BH_Desc_6500019,"Recently, many people have spotted a ""great river and sea thief"" in Daliang City, please school members go and arrest him quickly!"
BH_Desc_6500020,"Recently, many people have spotted a ""flower picking thief"" in Daliang City, please school members go and arrest him quickly!"
BH_Desc_6500021,"A spy from Daliang City reported that a wanted criminal known as ""Human Granny"" has appeared in the city, please school members go and arrest her quickly!"
BH_Desc_6500022,"A spy from Chuxiang City reported that a wanted criminal known as ""Grass on the Fly"" has appeared in the city, please school members go and arrest him quickly!"
BH_Desc_6500023,"A spy from Lin'an City reported that a wanted criminal known as ""Broken Precept Monk"" has appeared in the city, please school members go and arrest him quickly!"
BH_Desc_6500024,"The scout from Chuxiang City reports that a wanted criminal known as ""One-eyed Dragon"" has appeared in the city. Sect members, please apprehend him immediately!"
BH_Desc_6500025,"The scout from Lin'an City reports that a wanted criminal known as ""Kunlun Slave"" has appeared in the city. Sect members, please apprehend him immediately!"
BH_Desc_6500026,"The scout from Daliang City reports that a wanted criminal known as ""Cultist"" has appeared in the city. Sect members, please apprehend him immediately!"
BH_Desc_40000001,The merchants in the city are buying Weapon at a high price.
BH_Desc_40000002,The merchants in the city are buying Armor at a high price.
BH_Desc_40000003,Merchants in the city are buying Food at high prices.
BH_Desc_40000004,The merchants in the city are buying Side at a high price.
BH_Desc_40000005,The merchants in the city are buying Fruit at a high price.,พ่อค้าในเมืองกำลังซื้อผลไม้ในราคาที่สูง
BH_Desc_40000006,The merchants in the city are buying Medicine at a high price.
BH_Desc_40000007,The merchants in the city are buying Aquatic at a high price.
BH_Desc_40000008,The merchants in the city are buying Ore at a high price.
BH_Desc_40000009,The merchants in the city are buying - Wine at a high price.
BH_Desc_40000010,The merchants in the city are buying Wood at a high price.
BH_Desc_40000011,The merchants in the city are buying Herb at a high price.
BH_Desc_40000012,Merchants in the city are buying Bug at a high price.
BH_Desc_40000013,Merchants in the city are buying Toxic at a high price.
BH_Desc_40000014,Merchants in the city are buying Toy at a high price.
BH_Desc_40000015,Merchants in the city are buying Ornament at a high price.
BH_Desc_40000016,The merchants in the city are buying Weapon at a high price.
BH_Desc_40000017,The merchants in the city are buying Armor at a high price.
BH_Desc_40000018,Merchants in the city are buying Food at high prices.
BH_Desc_40000019,The merchants in the city are buying Side at a high price.
BH_Desc_40000020,The merchants in the city are buying Fruit at a high price.,พ่อค้าในเมืองกำลังซื้อผลไม้ในราคาที่สูง
BH_Desc_40000021,The merchants in the city are buying Medicine at a high price.
BH_Desc_40000022,The merchants in the city are buying Aquatic at a high price.
BH_Desc_40000023,The merchants in the city are buying Ore at a high price.
BH_Desc_40000024,The merchants in the city are buying - Wine at a high price.
BH_Desc_40000025,The merchants in the city are buying Wood at a high price.
BH_Desc_40000026,The merchants in the city are buying Herb at a high price.
BH_Desc_40000027,Merchants in the city are buying Bug at a high price.
BH_Desc_40000028,Merchants in the city are buying Toxic at a high price.
BH_Desc_40000029,Merchants in the city are buying Toy at a high price.
BH_Desc_40000030,Merchants in the city are buying Ornament at a high price.
BH_Desc_40000031,The merchants in the city are buying Weapon at a high price.
BH_Desc_40000032,The merchants in the city are buying Armor at a high price.
BH_Desc_40000033,Merchants in the city are buying Food at high prices.
BH_Desc_40000034,The merchants in the city are buying Side at a high price.
BH_Desc_40000035,The merchants in the city are buying Fruit at a high price.,พ่อค้าในเมืองกำลังซื้อผลไม้ในราคาที่สูง
BH_Desc_40000036,The merchants in the city are buying Medicine at a high price.
BH_Desc_40000037,The merchants in the city are buying Aquatic at a high price.
BH_Desc_40000038,The merchants in the city are buying Ore at a high price.
BH_Desc_40000039,The merchants in the city are buying - Wine at a high price.
BH_Desc_40000040,The merchants in the city are buying Wood at a high price.
BH_Desc_40000041,The merchants in the city are buying Herb at a high price.
BH_Desc_40000042,Merchants in the city are buying Bug at a high price.
BH_Desc_40000043,Merchants in the city are buying Toxic at a high price.
BH_Desc_40000044,Merchants in the city are buying Toy at a high price.
BH_Desc_40000045,Merchants in the city are buying Ornament at a high price.
BH_Desc_40000046,The merchants in the city are buying Weapon at a high price.
BH_Desc_40000047,The merchants in the city are buying Armor at a high price.
BH_Desc_40000048,Merchants in the city are buying Food at high prices.
BH_Desc_40000049,The merchants in the city are buying Side at a high price.
BH_Desc_40000050,The merchants in the city are buying Fruit at a high price.,พ่อค้าในเมืองกำลังซื้อผลไม้ในราคาที่สูง
BH_Desc_40000051,The merchants in the city are buying Medicine at a high price.
BH_Desc_40000052,The merchants in the city are buying Aquatic at a high price.
BH_Desc_40000053,The merchants in the city are buying Ore at a high price.
BH_Desc_40000054,The merchants in the city are buying - Wine at a high price.
BH_Desc_40000055,The merchants in the city are buying Wood at a high price.
BH_Desc_40000056,The merchants in the city are buying Herb at a high price.
BH_Desc_40000057,Merchants in the city are buying Bug at a high price.
BH_Desc_40000058,Merchants in the city are buying Toxic at a high price.
BH_Desc_40000059,Merchants in the city are buying Toy at a high price.
BH_Desc_40000060,Merchants in the city are buying Ornament at a high price.
BH_Desc_20000001,The merchants in the city are buying Weapon at a high price.
BH_Desc_20000002,The merchants in the city are buying Armor at a high price.
BH_Desc_20000003,Merchants in the city are buying Food at high prices.
BH_Desc_20000004,The merchants in the city are buying Side at a high price.
BH_Desc_20000005,The merchants in the city are buying Fruit at a high price.,พ่อค้าในเมืองกำลังซื้อผลไม้ในราคาที่สูง
BH_Desc_20000006,The merchants in the city are buying Medicine at a high price.
BH_Desc_20000007,The merchants in the city are buying Aquatic at a high price.
BH_Desc_20000008,The merchants in the city are buying Ore at a high price.
BH_Desc_20000009,The merchants in the city are buying - Wine at a high price.
BH_Desc_20000010,The merchants in the city are buying Wood at a high price.
BH_Desc_20000011,The merchants in the city are buying Herb at a high price.
BH_Desc_20000012,Merchants in the city are buying Bug at a high price.
BH_Desc_20000013,Merchants in the city are buying Toxic at a high price.
BH_Desc_20000014,Merchants in the city are buying Toy at a high price.
BH_Desc_20000015,Merchants in the city are buying Ornament at a high price.
BH_Desc_20000016,The merchants in the city are buying Weapon at a high price.
BH_Desc_20000017,The merchants in the city are buying Armor at a high price.
BH_Desc_20000018,Merchants in the city are buying Food at high prices.
BH_Desc_20000019,The merchants in the city are buying Side at a high price.
BH_Desc_20000020,The merchants in the city are buying Fruit at a high price.,พ่อค้าในเมืองกำลังซื้อผลไม้ในราคาที่สูง
BH_Desc_20000021,The merchants in the city are buying Medicine at a high price.
BH_Desc_20000022,The merchants in the city are buying Aquatic at a high price.
BH_Desc_20000023,The merchants in the city are buying Ore at a high price.
BH_Desc_20000024,The merchants in the city are buying - Wine at a high price.
BH_Desc_20000025,The merchants in the city are buying Wood at a high price.
BH_Desc_20000026,The merchants in the city are buying Herb at a high price.
BH_Desc_20000027,Merchants in the city are buying Bug at a high price.
BH_Desc_20000028,Merchants in the city are buying Toxic at a high price.
BH_Desc_20000029,Merchants in the city are buying Toy at a high price.
BH_Desc_20000030,Merchants in the city are buying Ornament at a high price.
BH_Desc_20000031,The merchants in the city are buying Weapon at a high price.
BH_Desc_20000032,The merchants in the city are buying Armor at a high price.
BH_Desc_20000033,Merchants in the city are buying Food at high prices.
BH_Desc_20000034,The merchants in the city are buying Side at a high price.
BH_Desc_20000035,The merchants in the city are buying Fruit at a high price.,พ่อค้าในเมืองกำลังซื้อผลไม้ในราคาที่สูง
BH_Desc_20000036,The merchants in the city are buying Medicine at a high price.
BH_Desc_20000037,The merchants in the city are buying Aquatic at a high price.
BH_Desc_20000038,The merchants in the city are buying Ore at a high price.
BH_Desc_20000039,The merchants in the city are buying - Wine at a high price.
BH_Desc_20000040,The merchants in the city are buying Wood at a high price.
BH_Desc_20000041,The merchants in the city are buying Herb at a high price.
BH_Desc_20000042,Merchants in the city are buying Bug at a high price.
BH_Desc_20000043,Merchants in the city are buying Toxic at a high price.
BH_Desc_20000044,Merchants in the city are buying Toy at a high price.
BH_Desc_20000045,Merchants in the city are buying Ornament at a high price.
BH_Desc_20000046,The merchants in the city are buying Weapon at a high price.
BH_Desc_20000047,The merchants in the city are buying Armor at a high price.
BH_Desc_20000048,Merchants in the city are buying Food at high prices.
BH_Desc_20000049,The merchants in the city are buying Side at a high price.
BH_Desc_20000050,The merchants in the city are buying Fruit at a high price.,พ่อค้าในเมืองกำลังซื้อผลไม้ในราคาที่สูง
BH_Desc_20000051,The merchants in the city are buying Medicine at a high price.
BH_Desc_20000052,The merchants in the city are buying Aquatic at a high price.
BH_Desc_20000053,The merchants in the city are buying Ore at a high price.
BH_Desc_20000054,The merchants in the city are buying - Wine at a high price.
BH_Desc_20000055,The merchants in the city are buying Wood at a high price.
BH_Desc_20000056,The merchants in the city are buying Herb at a high price.
BH_Desc_20000057,Merchants in the city are buying Bug at a high price.
BH_Desc_20000058,Merchants in the city are buying Toxic at a high price.
BH_Desc_20000059,Merchants in the city are buying Toy at a high price.
BH_Desc_20000060,Merchants in the city are buying Ornament at a high price.
BH_Desc_20000061,"The thieves in the Horse King Cave have been extremely arrogant lately. Martial artists, please go and punish them!"
BH_Desc_20000062,"The thieves in the Horse King Cave have been extremely arrogant lately. Martial artists, please go and punish them!"
BH_Desc_20000063,"The ""Horse King"" in the Horse King Cave has been extremely arrogant lately. Martial artists, please go and punish him!"
BH_Desc_7100001,"The Sword Pavilion urgently needs Weapon, disciples of the Sword Pavilion, please collect them quickly."
BH_Desc_7100002,"The Sword Pavilion urgently needs armor, disciples of the Sword Pavilion, please collect them quickly."
BH_Desc_7100003,"The Sword Pavilion urgently needs Fruit, disciples of the Sword Pavilion, please collect them quickly."
BH_Desc_7100004,"The Sword Pavilion urgently needs Medicine, disciples of the Sword Pavilion, please collect them quickly."
BH_Desc_7100005,"The Sword Pavilion urgently needs Aquatic, disciples of the Sword Pavilion, please collect them quickly."
BH_Desc_7100006,"The Sword Pavilion urgently needs Ore, disciples of the Sword Pavilion, please collect them quickly."
BH_Desc_7100007,"The Sword Pavilion urgently needs Wood, disciples of the Sword Pavilion, please collect them quickly."
BH_Desc_7100008,"The Sword Pavilion urgently needs Herb, disciples of the Sword Pavilion, please collect them quickly."
BH_Desc_7100009,"The Sword Pavilion urgently needs Ornament, disciples of the Sword Pavilion, please collect them quickly."
BH_Desc_7100010,"The Sword Pavilion urgently needs Weapon, disciples of the Sword Pavilion, please collect them quickly."
BH_Desc_7100011,"The Sword Pavilion urgently needs armor, disciples of the Sword Pavilion, please collect them quickly."
BH_Desc_7100012,"The Sword Pavilion urgently needs Fruit, disciples of the Sword Pavilion, please collect them quickly."
BH_Desc_7100013,"The Sword Pavilion urgently needs Medicine, disciples of the Sword Pavilion, please collect them quickly."
BH_Desc_7100014,"The Sword Pavilion urgently needs Aquatic, disciples of the Sword Pavilion, please collect them quickly."
BH_Desc_7100015,"The Sword Pavilion urgently needs Ore, disciples of the Sword Pavilion, please collect them quickly."
BH_Desc_7100016,"The Sword Pavilion urgently needs Wood, disciples of the Sword Pavilion, please collect them quickly."
BH_Desc_7100017,"The Sword Pavilion urgently needs Herb, disciples of the Sword Pavilion, please collect them quickly."
BH_Desc_7100018,"The Sword Pavilion urgently needs Ornament, disciples of the Sword Pavilion, please collect them quickly."
BH_Desc_7100019,"The Sword Pavilion urgently needs Weapon, disciples of the Sword Pavilion, please collect them quickly."
BH_Desc_7100020,"The Sword Pavilion urgently needs armor, disciples of the Sword Pavilion, please collect them quickly."
BH_Desc_7100021,"The Sword Pavilion urgently needs Fruit, disciples of the Sword Pavilion, please collect them quickly."
BH_Desc_7100022,"The Sword Pavilion urgently needs Medicine, disciples of the Sword Pavilion, please collect them quickly."
BH_Desc_7100023,"The Sword Pavilion urgently needs Aquatic, disciples of the Sword Pavilion, please collect them quickly."
BH_Desc_7100024,"The Sword Pavilion urgently needs Ore, disciples of the Sword Pavilion, please collect them quickly."
BH_Desc_7100025,"The Sword Pavilion urgently needs Wood, disciples of the Sword Pavilion, please collect them quickly."
BH_Desc_7100026,"The Sword Pavilion urgently needs Herb, disciples of the Sword Pavilion, please collect them quickly."
BH_Desc_7100027,"The Sword Pavilion urgently needs Ornament, disciples of the Sword Pavilion, please collect them quickly."
BH_Desc_7100028,"The Sword Pavilion urgently needs Weapon, disciples of the Sword Pavilion, please collect them quickly."
BH_Desc_7100029,"The Sword Pavilion urgently needs armor, disciples of the Sword Pavilion, please collect them quickly."
BH_Desc_7100030,"The Sword Pavilion urgently needs Fruit, disciples of the Sword Pavilion, please collect them quickly."
BH_Desc_7100031,"The Sword Pavilion urgently needs Medicine, disciples of the Sword Pavilion, please collect them quickly."
BH_Desc_7100032,"The Sword Pavilion urgently needs Aquatic, disciples of the Sword Pavilion, please collect them quickly."
BH_Desc_7100033,"The Sword Pavilion urgently needs Ore, disciples of the Sword Pavilion, please collect them quickly."
BH_Desc_7100034,"The Sword Pavilion urgently needs Wood, disciples of the Sword Pavilion, please collect them quickly."
BH_Desc_7100035,"The Sword Pavilion urgently needs Herb, disciples of the Sword Pavilion, please collect them quickly."
BH_Desc_7100036,"The Sword Pavilion urgently needs Ornament, disciples of the Sword Pavilion, please collect them quickly."
BH_Desc_7100037,"The thieves in the Horse King Cave have been extremely arrogant lately. Disciples of the Sword Pavilion, please go and punish them!"
BH_Desc_7100038,"The thieves in the Horse King Cave have been extremely arrogant lately. Disciples of the Sword Pavilion, please go and punish them!"
BH_Desc_7100039,"The ""Horse King"" in the Horse King Cave has been extremely arrogant lately. Disciples of the Sword Pavilion, please go and punish him!"
skip,
BH_Title_1010016,Wolf Trouble
BH_Title_1010017,Food Shortage
BH_Title_1010021,Wolf Trouble
BH_Title_1010025,Punish the Evil
BH_Title_1010026,Punish the Evil
BH_Title_30000057,Hunt the Wolf King·Xiao Yue
BH_Title_30000058,Collect Wolf Fang,รวบรวมเขี้ยวหมาป่า
BH_Title_30000059,Collect Wolf Skin,รวบรวมหนังหมาป่า
BH_Title_30000060,Hunt Wild Wolves
BH_Title_30000061,Hunt Wild Wolves
BH_Title_3200023,Refine Pill,กลั่นโอสถ
BH_Title_3200024,Refine Pill,กลั่นโอสถ
BH_Title_3200025,Refine Pill,กลั่นโอสถ
BH_Title_3200026,Refine Pill,กลั่นโอสถ
BH_Title_3200027,Refine Pill,กลั่นโอสถ
BH_Title_3200031,Hunt Wild Wolves
BH_Title_3200032,Hunt Wild Wolves
BH_Title_5800042,Hand in Scrap Silver
BH_Title_5800043,Hand in Scrap Silver
BH_Title_5800044,Hand in Scrap Silver
BH_Title_5800045,Hand in Scrap Silver
BH_Title_5800046,Hand in Scrap Silver
BH_Title_5800047,Hand in Scrap Silver
BH_Title_5800048,Hand in Scrap Silver
BH_Title_5800049,Hand in Scrap Silver
BH_Title_5800050,Kill Luo Qianxue,สังหารลั่วเฉียนเสวี่ย
BH_Title_6500032,Punish the Ringleader
BH_Title_6500033,Punish the Ringleader
BH_Title_6500034,Punish the Ringleader
BH_Title_7100040,Mine Ore,เหมืองแร่
BH_Title_7100041,Mine Ore,เหมืองแร่
BH_Title_7100042,Forge Weapon,หลอมอาวุธ
BH_Title_7100043,Mine Ore,เหมืองแร่
BH_Title_7100044,Forge Weapon,หลอมอาวุธ
BH_Title_5800053,Xiyu treasure,สบบัติซียู่
BH_Title_5800054,Borrow Ornament,ยืมของประดับ.
BH_Desc_1010016,"Many brothers in the stronghold have been attacked by wild wolves. We can't let our brothers bleed in vain, we must make these evil wolves pay!"
BH_Desc_1010017,"Our stronghold is short of food, we urgently need to purchase a batch of Wheat Flour. All brothers in the stronghold, please work together to complete this."
BH_Desc_1010021,"Many brothers in the stronghold have been attacked by wild wolves. We can't let our brothers bleed in vain, we must make these evil wolves pay!"
BH_Desc_1010025,"Niu Er from Chuxiang City is bullying people with his power, causing many complaints from the people! Whoever can get rid of him will be heavily rewarded!",หนิวเอ๋อจากเมืองฉู่เซียงกำลังข่มเห่งรังแกผู้คนด้วยอำนาจของเขา ทำให้เกิดการร้องเรียนจากประชาชนมากมาย! ใครก็ตามที่สามารถกำจัดเขาได้จะได้รับรางวัลมากมาย!
BH_Desc_1010026,"Li San from Chuxiang City is bullying people with his power, causing many complaints from the people! Whoever can get rid of him will be heavily rewarded!",หลี่ซานจากเมืองฉู่เซียงกำลังข่มเห่งรังแกผู้คนด้วยอำนาจของเขา ทำให้เกิดการร้องเรียนจากประชาชนมากมาย! ใครก็ตามที่สามารถกำจัดเขาได้จะได้รับรางวัลมากมาย!
BH_Desc_30000057,"The Wolf King·Xiao Yue has gathered a pack of wolves in the valley, causing many casualties. Whoever can hunt this beast will be heavily rewarded!"
BH_Desc_30000058,The city's shop is planning to make a batch of Wolf Fang Amulets and urgently needs a large supply of Wolf Fangs. Those who can provide will be heavily rewarded!
BH_Desc_30000059,The city's shop has received an order for a Wolf Skin Bedding but is short of Wolf Skin. Those who can provide will be heavily rewarded!
BH_Desc_30000060,People passing through the valley are often attacked by wild wolves. The wolves in the valley need to be eliminated as soon as possible to ensure the safety of the people.
BH_Desc_30000061,People passing through the valley are often attacked by wild wolves. The wolves in the valley need to be eliminated as soon as possible to ensure the safety of the people.
BH_Desc_3200023,Our sect urgently needs a large amount of Illness Removal Pills. You can get the corresponding formula by completing the pharmacist task in the Alchemy Room.,"สำนักของเราต้องการ""ยารักษาโรค""อย่างเร่งด่วนจำนวนมาก เจ้าสามารถรับตำรับยาได้โดยทำภารกิจของเภสัชกรในห้องปรุงยาให้สำเร็จ"
BH_Desc_3200024,Our sect urgently needs a large amount of Seven Stars Pills. You can get the corresponding formula by completing the pharmacist task in the Alchemy Room.,"สำนักของเราต้องการ""โอสถเจ็ดดาว""อย่างเร่งด่วนจำนวนมาก เจ้าสามารถรับตำรับยาได้โดยทำภารกิจของเภสัชกรในห้องปรุงยาให้สำเร็จ"
BH_Desc_3200025,Our sect urgently needs a large amount of Revitalization Pills. You can get the corresponding formula by completing the pharmacist task in the Alchemy Room.,"สำนักของเราต้องการ""เม็ดยารวมฟื้นฟู""อย่างเร่งด่วนจำนวนมาก เจ้าสามารถรับตำรับยาได้โดยทำภารกิจของเภสัชกรในห้องปรุงยาให้สำเร็จ"
BH_Desc_3200026,Our sect urgently needs a large amount of Enlighten Pills. You can get the corresponding formula by completing the pharmacist task in the Alchemy Room.,"สำนักของเราต้องการ""โอสถรู้แจ้ง""อย่างเร่งด่วนจำนวนมาก เจ้าสามารถรับตำรับยาได้โดยทำภารกิจของเภสัชกรในห้องปรุงยาให้สำเร็จ"
BH_Desc_3200027,Our sect urgently needs a large amount of Blue Wave Powder. You can get the corresponding formula by completing the pharmacist task in the Alchemy Room.,สำนักของเราต้องการผงคลื่นครามอย่างเร่งด่วนจำนวนมาก เจ้าสามารถรับตำรับยาได้โดยทำภารกิจของเภสัชกรในห้องปรุงยาให้สำเร็จ
BH_Desc_3200031,The civilians of Xiangfan often suffer from wolf attacks when passing through the valley. It is necessary to eliminate the wolves as soon as possible to ensure the safety of the people.
BH_Desc_3200032,The civilians of Xiangfan often suffer from wolf attacks when passing through the valley. It is necessary to eliminate the wolves as soon as possible to ensure the safety of the people.
BH_Desc_5800042,"Many merchants in the city carry Scrap silver with them. Instead of letting it sit idle, it would be better to find a way to obtain it to support our sect."
BH_Desc_5800043,"Many merchants in the city carry Scrap silver with them. Instead of letting it sit idle, it would be better to find a way to obtain it to support our sect."
BH_Desc_5800044,"Many merchants in the city carry Scrap silver with them. Instead of letting it sit idle, it would be better to find a way to obtain it to support our sect."
BH_Desc_5800045,"Many merchants in the city carry Scrap silver with them. Instead of letting it sit idle, it would be better to find a way to obtain it to support our sect."
BH_Desc_5800046,"Many merchants in the city carry Scrap silver with them. Instead of letting it sit idle, it would be better to find a way to obtain it to support our sect."
BH_Desc_5800047,"Many merchants in the city carry Scrap silver with them. Instead of letting it sit idle, it would be better to find a way to obtain it to support our sect."
BH_Desc_5800048,"Many merchants in the city carry Scrap silver with them. Instead of letting it sit idle, it would be better to find a way to obtain it to support our sect."
BH_Desc_5800049,"Many merchants in the city carry Scrap silver with them. Instead of letting it sit idle, it would be better to find a way to obtain it to support our sect."
BH_Desc_5800050,Luo Qianxue of the Crime Investigation Bureau has repeatedly made things difficult for our disciples and interfered with our affairs. He is a major threat to our sect and must be eliminated as soon as possible!
BH_Desc_6500032,"Kong Yidao, the leader of the Blue Wind Camp, has been committing evil for many years, repeatedly ordering his subordinates to rob and harm merchants. Such a villain must be severely punished as a warning to others."
BH_Desc_6500033,"Ming Bufan, the leader of the Tomb Raider Sect, is blinded by greed. He has been leading his disciples to steal tomb treasures for many years. Such a villain must be killed to deter others.","หมิงปู้ฟาน, ผู้นำของสำนักปล้นสุสานตาบอดด้วยความโลภ เขานำลูกศิษย์ของเขาไปขโมยสมบัติจากสุสานมาหลายปีแล้ว คนร้ายเช่นนี้จะต้องถูกฆ่าเพื่อขัดขวางผู้อื่น"
BH_Desc_6500034,"Bu Juechen, the leader of the Nest of Swallow, is insatiable in his greed, repeatedly ordering his subordinates to steal from merchants. Such a villain must be killed to appease public anger."
BH_Desc_7100040,"Our sect is in short supply of Ore, and urgently needs to replenish a batch of EpicOre. Please handle this as soon as possible, disciples of our sect.","สำนักของเรากำลังขาดแคลนแร่ และจำเป็นต้องเติม""แร่ระดับมหากาพย์""โดยด่วน, โปรดจัดการเรื่องนี้โดยเร็วที่สุด, ศิษย์สำนักเรา"
BH_Desc_7100041,"Our sect is in short supply of Ore, and urgently needs to replenish a batch of RareOre. Please handle this as soon as possible, disciples of our sect."
BH_Desc_7100042,"Our sect is in short supply of weapons, and urgently needs to replenish a batch of Rare weapons. Please handle this as soon as possible, disciples of our sect."
BH_Desc_7100043,"Our sect is in short supply of Ore, and urgently needs to replenish a batch of NormalOre. Please handle this as soon as possible, disciples of our sect."
BH_Desc_7100044,"Our sect is in short supply of weapons, and urgently needs to replenish a batch of Normal weapons. Please handle this as soon as possible, disciples of our sect."
BH_Desc_5800053,"In Daliang City, there are Western merchants carrying a large amount of Xiyu treasure, which is thought to be of great value. We can find a way to obtain it to support our sect.",ในเมืองต้าเหลียง มีพ่อค้าชาวตะวันตกที่ถือสบบัติซียู่ จำนวนมาก ซึ่งคิดว่ามีมูลค่ามหาศาล เราสามารถหาวิธีที่จะได้รับมันเพื่อสนับสนุนสำนักของเรา
BH_Desc_5800054,"In Daliang City, there is a woman in brocade who flaunts her wealth every day, with many jewelry and accessories on her. ""Borrowing"" a few pieces should not bother her."
BH_Title_40000070,Sanction Bu Juechen
BH_Desc_40000070,"It is heard that Bu Juechen from the Nest of Swallow has been committing crimes frequently recently, hoping that all the heroes of the rivers and lakes will go and punish him!"
